name,description,discounted_price,original_price,total_reviews,average_ratings,plan_type
Depositphotos,Stock up on premium stock images before it's too late,$39.0,$500.0,420,4.95,lifetime
NeuronWriter,Use semantic recommendations to boost your SEO and plan high-ranking content,$69.0,$750.0,547,4.95,lifetime
BannerBoo,Build animated ads for marketing campaigns and social media in minutes‚Äîwithout coding,$49.0,$599.0,190,4.97,lifetime
"Yay Images - 12M+ Royalty-free Stock Photos, Vectors/Graphics & Videos","Unlimited downloads with over 12M stock photos, 2M vectors & 200K videos with flexible licensing",$59.0,$149.0,22,5,lifetime
ZeroWork Creator App,"Build automated, proprietary TaskBots and sell them in the ZeroWork marketplace",$79.0,$480.0,27,4.96,lifetime
Reoon Email Verifier,"The most accurate email validation service that cleans invalid, temporary & unsafe email addresses.",$79.0,$418.5,287,4.95,lifetime
SMS-iT Video Ads,Use interactive videos and SMS marketing to boost lead generation and ecommerce sales,$59.0,$600.0,24,5,lifetime
Switchy,Boost engagement and conversions with custom retargeting links,$39.0,$2400.0,211,4.94,lifetime
SiteGuru,Improve and monitor your website's rankings with an actionable SEO todo-list,$69.0,$599.0,379,4.97,lifetime
Salespanel,"Convert more B2B leads by adding GDPR-compliant, first-party data to your sales and marketing",$49.0,$480.0,32,4.97,lifetime
Eurekaa.io - Plus exclusive,"Ideate, validate, and create a course, book, or how-to content... in record time",$99.0,$399.0,48,5,lifetime
Acadle,Launch your white-labeled online academy with unlimited courses and content,$79.0,$468.0,267,4.95,lifetime
Marmof,"Create quality content in seconds with Marmof, the AI-powered content generation platform",$49.0,$228.0,21,4.95,lifetime
WP Reset Team Plan,"Reset, recover, and repair your WordPress site in no time",$49.0,$158.0,1302,4.93,lifetime
iCommunity Labs - Blockchain Platform,Blockchain technology without programming. Make your business more valuable and profitable,$79.0,$1198.0,20,5,lifetime
SQR QR Generator - Dynamic Short links and QR codes - Plus exclusive,SQR is a powerful QR code generator with custom domains and dynamic short links,$79.0,$348.0,89,4.96,lifetime
Eurekaa.io,"Ideate, validate, and create a course, book, or how-to content... in record time",$139.0,$399.0,48,5,lifetime
TYKR,TYKR helps you manage your own investments and beat the market so you can retire early,$119.0,$900.0,143,4.9,lifetime
Prefinery,Grow your customers with incentivized viral referral and rewards programs,$199.0,$1188.0,84,5,lifetime
SQR QR Generator - Dynamic Short links and QR codes,SQR is a powerful QR code generator with custom domains and dynamic short links,$79.0,$399.0,89,4.96,lifetime
FlipLink.me,"Turn your PDFs into online Flipbooks with FlipLink & customize, share, and analyze how they perform",$49.0,$1044.0,68,4.99,lifetime
Vocal,Record and send voice notes via email. Gmail & Outlook supported. Transcription & more included!,$49.0,$528.0,36,4.94,lifetime
MetaSurvey ¬´Tinder-like surveys¬ª ‚Äî Plus exclusive,Put your customers in a critic's shoes before producing your new drop ‚Äì use ¬´Tinder-like¬ª surveys,$78.0,$432.0,29,5,lifetime
No Code MBA,"If you don't know how to code, you might feel helpless when it comes to building apps and websites. Your million-dollar business ideas are abandoned because you can't build it yourself, and you don't want to spend $10k+ on a developer to build it for you. It doesn't have to be this way! No Code MBA ",$159.0,$349.0,44,4.91,lifetime
ProductLift - Plus exclusive,"Hyper-flexible feedback, upvote, roadmap, and changelog tool for SaaS",$49.0,$900.0,35,4.91,lifetime
minimarks,Compact bookmark manager and start page for teams and web enthusiasts -- share and publish bookmarks,$49.0,$432.0,34,4.97,lifetime
Mutant Mail,Never miss an important email again! Manage all your email IDs in one inbox with our Email Router.,$59.99,$179.99,65,4.94,lifetime
PhotoKit Photo Editor,Photokit‚Äôs photo editor comes packed with tons of great features to help you perfect your photos.,$69.0,$129.0,227,4.93,lifetime
FlyMSG: Autofill & Text Expander,A text expander & writing assistant that writes messages anywhere online ‚Äì with a few keystrokes,$69.0,$1297.93,28,5,lifetime
SpaceSerp - Powerful SERP API,SpaceSerp is a powerful SERP AI powered by cutting-edge AI models,$59.0,$948.0,31,4.97,lifetime
Exclusive Addons - Everything you need for your Elementor,Exclusively designed widgets for Elementor with all the customization options you'll ever need,$49.0,$159.0,62,4.95,lifetime
pxl.to,Transform your links into powerful marketing tools,$49.0,$2400.0,52,4.96,lifetime
LeadPal,Struggling To Grow Your Email List? Use LEADPAL To Create a 1-Click Smart Lead Generation Campaign.,$39.0,$928.0,87,4.91,lifetime
Vivomeetings,"Upgrade your meetings -- Recordings, real-time transcription, webinar mode and more",$72.0,$90.0,43,4.95,lifetime
Tagmate,Tagmate is a low-code SaaS designed to ease website tracking efforts for marketers and non-techies. ,$99.0,$3588.0,25,4.92,lifetime
ProductLift,"Hyper-flexible feedback, upvote, roadmap, and changelog tool for SaaS",$49.0,$1152.0,35,4.91,lifetime
Mailman,A Gmail plugin that allows you to control when and what emails should land in your inbox,$69.0,$399.0,30,5,lifetime
No Code MBA - Plus exclusive,"This is an exclusive version of No Code MBA only available to AppSumo Plus members. The price has been reduced 25%. Join Plus now and purchase this deal. If you don't know how to code, you might feel helpless when it comes to building apps and websites. Your million-dollar business ideas are abandon",$119.0,$359.0,44,4.91,lifetime
Better Sheets,Online library of tutorials for mastering Google Sheets to solve a variety of real-world problems.,$149.0,$720.0,106,4.9,lifetime
Vitepos,A complete point of sale plugin for WooCommerce that makes an online e-commerce site a local store,$59.0,$297.0,45,4.98,lifetime
PlayCode - Javascript Playground,"Introducing PlayCode- Javascript Playground!&nbsp; The fastest and simplest javascript playground with real-time result view and console. Learn, test and prototype easier. Top Companies are using PlayCode such as Facebook, Google, Netflix, Microsoft, and more! Javascript, Typescript, React, Vue, Tai",$99.0,$199.0,21,5,lifetime
TextSniper - OCR Simplified,"TextSniper is a simple and easy to use OCR (Optical Character Recognition) app that helps instantly extract text from images, PDFs, slides, Zoom calls, or even YouTube videos.",$6.49,$9.99,41,5,lifetime
ScreenToVideo,"Record, edit, and share your videos with a powerful yet easy-to-use screen recorder and video editor",$59.0,$119.0,74,4.92,lifetime
MYFUNDBOX Subscription Billing,Subscription Payments made simple and Globally Scalable,$99.0,$1999.0,89,4.93,lifetime
Popupular,"Easily embed anything into a popup on your site. Now you can quickly integrate interactive web content into your site without coding skills or waiting on your development team. Popular makes it easy to integrate a sign up form, explanation video or a help article, or anything else into a popup, you ",$99.0,$420.0,36,5,lifetime
InPrivy - Secure and Easy Sharing,InPrivy allows you to easily and securely share sensitive information.,$49.0,$530.0,29,4.93,lifetime
Mastera,Mastera is an all-in-one teaching platform that features all the tools you need to host and manage,$89.0,$1188.0,192,4.91,annual
Backlink Checker - Monitor Backlinks Regularly,"Monitor your backlinks & get notified if your links are removed, or rel-tag, anchors are changed",$39.0,$950.0,23,4.96,lifetime
Appu Social,Schedule your social media posting for all your social media platforms from a single dashboard,$49.0,$300.0,26,4.92,lifetime
"Salesforza Chrome Extensions: Gmail, YouTube & Chrome Sync to Google Sheets","1-click sync of Gmail Emails, Chrome tabs & YouTube accounts to Google Sheets with our 3 Extensions",$19.0,$1900.0,33,5,lifetime
Poda,Project planning meets mind mapping,$49.0,$495.0,72,4.9,lifetime
MetaSurvey - ¬´Tinder-like¬ª Surveys,Put your customers in a critic's shoes before producing your new drop ‚Äì use ¬´Tinder-like¬ª surveys,$78.0,$216.0,29,5,lifetime
WP Video Magic,"Cut costs with the cheapest video hosting available made simple for WordPress. Video hosting costs quickly rack up to eye watering levels with the 'industry standard' providers! Keeping things on a budget is important in business, but you still need the fastest video delivery possible for ranking an",$27.0,$67.0,28,4.93,lifetime
Git Aset,Stop spending countless hours groping the internet and put our assets to use,$49.0,$447.0,30,5,lifetime
LeadClosure,Get targeted emails/phone numbers in just a few minutes,$29.0,$49.0,39,4.92,lifetime
Form Engineer Platinum - Plus exclusive,Build beautiful forms with an intuitive drag-n-drop interface,$49.0,$432.0,22,4.91,lifetime
Interactive 3D Experiences & Augmented Reality - no app install required,Engage your website visitors with life-like 3D models and/or let them scan a QR code to view in AR,$59.0,$500.0,43,5,lifetime
Social Media Canva Template Bundle,16 Canva template pack ,$59.0,$149.0,29,5,lifetime
Form Engineer Platinum,Build beautiful forms with an intuitive drag-n-drop interface,$69.0,$432.0,22,4.91,lifetime
RateMyService ‚ù§Ô∏è‚≠êüòÅ,The World's Easiest Customer Feedback & Survey Solution! 3-min ‚è∞ set-up - Just copy & paste! üöÄ ,$49.0,$5400.0,23,4.96,lifetime
ShareDocView.com,"Get leads, branding & analytics sharing document via links",$49.0,$120.0,74,4.97,lifetime
Coming Soon & Maintenance Mode,Create and manage custom Coming Soon and maintenance pages in no time,$69.0,$99.0,157,4.93,annual
Become a Digital Shop Owner on Etsy,We'll explore ways to prepare and sell knowledge-based products,$67.0,$97.0,29,5,lifetime
Ubindi,"Simple software for teachers & instructors -- you do the teaching, Ubindi handles the rest!
",$69.0,$960.0,22,4.91,lifetime
Ubindi - Plus exclusive,"Simple software for teachers & instructors -- you do the teaching, Ubindi handles the rest!",$52.0,$960.0,22,4.91,lifetime
Musicsesame - Stock Music Library,"Royalty free music for YouTube, ads, films, documentaries, podcasts, and more",$75.0,$159.0,22,5,lifetime
AiVOOV - Text to Speech Solution,Convert your Text to Audio (Human-Like) using AI Voices using over 900+ voices across 125+ languages,$74.0,$999.0,23,5,annual
Watermarkup,"Watermarkup is a watermarking tool that helps you watermark photos in batches, protect your images from theft, and use watermarks to promote your brand",$15.0,$49.0,33,4.91,lifetime
ShareDocView.com - Plus exclusive,"Get leads, branding & analytics sharing document via links. Stack for more storage and team members!",$69.0,$600.0,74,4.97,lifetime
OpenMyLink,"A collection of marketing tools consisting of Bio Pages, QR codes, a URL shortener, and much more",$49.0,$1379.97,122,4.91,lifetime
Logic Sheet,Automate repetitive tasks in Google Sheets and save hours of time every day.,$99.0,$899.0,50,5,lifetime
Zlappo - The Ultimate Twitter Growth Tool,Grow a profitable Twitter audience like a top influencer with Zlappo,$139.99,$349.99,88,4.92,lifetime
Lead Magnet & eBook Canva Template Pack,"4 Canva Template Packs For Creating Lead Magnets, Worksheets, Checklists, eBooks & Educational PDF Guides. Template Pack 1: Multi-Purpose Lead Magnet & eBook Guide. Includes 70 Customizable Pages You Can Pick & Mix From To Create Your Irresistible Lead Magnet, PDF Guide Or Perhaps An eBook You Sell!",$39.0,$79.0,46,5,lifetime
Digital Dojo's Advanced Course in Digital Marketing,"Advanced Course in Digital Marketing is an online program that teaches you the core concepts of a digital marketing strategy, from plan to execution. This self-paced course is designed for beginner marketers to learn the tools and techniques used in the real world by the real pros. Whether you‚Äôre lo",$69.0,$565.0,31,5,lifetime
Linko,"A simple link shortener but also a powerful tool for marketers, bloggers, YouTubers, and influencers",$39.0,$129.0,34,4.91,lifetime
Click2Contact App - WhatsApp Chat Widget,"Increase inbound leads for your business, help visitors connect with you with a single tap.",$17.0,$120.0,24,4.96,lifetime
